Tool combination,Score
locksmith_racerf_nacpa_utaipan_uautomizer,1372
locksmith_racerf_nacpa_utaipan_sv-sanitizers,1388
locksmith_racerf_nacpa_utaipan_cpachecker,1359
locksmith_racerf_nacpa_utaipan_deagle,1409
locksmith_racerf_nacpa_utaipan_dartagnan,1473
locksmith_racerf_nacpa_utaipan_esbmc-kind,926
locksmith_racerf_nacpa_utaipan_theta,1359
locksmith_racerf_nacpa_utaipan_ugemcutter,1396
locksmith_racerf_nacpa_utaipan_goblint,1419
locksmith_racerf_nacpa_uautomizer_sv-sanitizers,1390
locksmith_racerf_nacpa_uautomizer_cpachecker,1366
locksmith_racerf_nacpa_uautomizer_deagle,1416
locksmith_racerf_nacpa_uautomizer_dartagnan,1474
locksmith_racerf_nacpa_uautomizer_esbmc-kind,929
locksmith_racerf_nacpa_uautomizer_theta,1366
locksmith_racerf_nacpa_uautomizer_ugemcutter,1397
locksmith_racerf_nacpa_uautomizer_goblint,1428
locksmith_racerf_nacpa_sv-sanitizers_cpachecker,1346
locksmith_racerf_nacpa_sv-sanitizers_deagle,1434
locksmith_racerf_nacpa_sv-sanitizers_dartagnan,1463
locksmith_racerf_nacpa_sv-sanitizers_esbmc-kind,919
locksmith_racerf_nacpa_sv-sanitizers_theta,1356
locksmith_racerf_nacpa_sv-sanitizers_ugemcutter,1410
locksmith_racerf_nacpa_sv-sanitizers_goblint,1432
locksmith_racerf_nacpa_cpachecker_deagle,1388
locksmith_racerf_nacpa_cpachecker_dartagnan,1462
locksmith_racerf_nacpa_cpachecker_esbmc-kind,901
locksmith_racerf_nacpa_cpachecker_theta,1310
locksmith_racerf_nacpa_cpachecker_ugemcutter,1395
locksmith_racerf_nacpa_cpachecker_goblint,1386
locksmith_racerf_nacpa_deagle_dartagnan,1500
locksmith_racerf_nacpa_deagle_esbmc-kind,955
locksmith_racerf_nacpa_deagle_theta,1388
locksmith_racerf_nacpa_deagle_ugemcutter,1433
locksmith_racerf_nacpa_deagle_goblint,1426
locksmith_racerf_nacpa_dartagnan_esbmc-kind,987
locksmith_racerf_nacpa_dartagnan_theta,1462
locksmith_racerf_nacpa_dartagnan_ugemcutter,1472
locksmith_racerf_nacpa_dartagnan_goblint,1506
locksmith_racerf_nacpa_esbmc-kind_theta,911
locksmith_racerf_nacpa_esbmc-kind_ugemcutter,928
locksmith_racerf_nacpa_esbmc-kind_goblint,957
locksmith_racerf_nacpa_theta_ugemcutter,1395
locksmith_racerf_nacpa_theta_goblint,1396
locksmith_racerf_nacpa_ugemcutter_goblint,1445
locksmith_racerf_utaipan_uautomizer_sv-sanitizers,1382
locksmith_racerf_utaipan_uautomizer_cpachecker,1360
locksmith_racerf_utaipan_uautomizer_deagle,1406
locksmith_racerf_utaipan_uautomizer_dartagnan,1471
locksmith_racerf_utaipan_uautomizer_esbmc-kind,923
locksmith_racerf_utaipan_uautomizer_theta,1358
locksmith_racerf_utaipan_uautomizer_ugemcutter,1392
locksmith_racerf_utaipan_uautomizer_goblint,1418
locksmith_racerf_utaipan_sv-sanitizers_cpachecker,1377
locksmith_racerf_utaipan_sv-sanitizers_deagle,1427
locksmith_racerf_utaipan_sv-sanitizers_dartagnan,1470
locksmith_racerf_utaipan_sv-sanitizers_esbmc-kind,933
locksmith_racerf_utaipan_sv-sanitizers_theta,1375
locksmith_racerf_utaipan_sv-sanitizers_ugemcutter,1406
locksmith_racerf_utaipan_sv-sanitizers_goblint,1437
locksmith_racerf_utaipan_cpachecker_deagle,1395
locksmith_racerf_utaipan_cpachecker_dartagnan,1471
locksmith_racerf_utaipan_cpachecker_esbmc-kind,921
locksmith_racerf_utaipan_cpachecker_theta,1346
locksmith_racerf_utaipan_cpachecker_ugemcutter,1392
locksmith_racerf_utaipan_cpachecker_goblint,1405
locksmith_racerf_utaipan_deagle_dartagnan,1501
locksmith_racerf_utaipan_deagle_esbmc-kind,957
locksmith_racerf_utaipan_deagle_theta,1396
locksmith_racerf_utaipan_deagle_ugemcutter,1430
locksmith_racerf_utaipan_deagle_goblint,1433
locksmith_racerf_utaipan_dartagnan_esbmc-kind,995
locksmith_racerf_utaipan_dartagnan_theta,1469
locksmith_racerf_utaipan_dartagnan_ugemcutter,1469
locksmith_racerf_utaipan_dartagnan_goblint,1509
locksmith_racerf_utaipan_esbmc-kind_theta,919
locksmith_racerf_utaipan_esbmc-kind_ugemcutter,926
locksmith_racerf_utaipan_esbmc-kind_goblint,971
locksmith_racerf_utaipan_theta_ugemcutter,1390
locksmith_racerf_utaipan_theta_goblint,1406
locksmith_racerf_utaipan_ugemcutter_goblint,1442
locksmith_racerf_uautomizer_sv-sanitizers_cpachecker,1380
locksmith_racerf_uautomizer_sv-sanitizers_deagle,1430
locksmith_racerf_uautomizer_sv-sanitizers_dartagnan,1472
locksmith_racerf_uautomizer_sv-sanitizers_esbmc-kind,935
locksmith_racerf_uautomizer_sv-sanitizers_theta,1378
locksmith_racerf_uautomizer_sv-sanitizers_ugemcutter,1408
locksmith_racerf_uautomizer_sv-sanitizers_goblint,1442
locksmith_racerf_uautomizer_cpachecker_deagle,1404
locksmith_racerf_uautomizer_cpachecker_dartagnan,1472
locksmith_racerf_uautomizer_cpachecker_esbmc-kind,924
locksmith_racerf_uautomizer_cpachecker_theta,1354
locksmith_racerf_uautomizer_cpachecker_ugemcutter,1393
locksmith_racerf_uautomizer_cpachecker_goblint,1416
locksmith_racerf_uautomizer_deagle_dartagnan,1500
locksmith_racerf_uautomizer_deagle_esbmc-kind,958
locksmith_racerf_uautomizer_deagle_theta,1404
locksmith_racerf_uautomizer_deagle_ugemcutter,1429
locksmith_racerf_uautomizer_deagle_goblint,1442
locksmith_racerf_uautomizer_dartagnan_esbmc-kind,996
locksmith_racerf_uautomizer_dartagnan_theta,1470
locksmith_racerf_uautomizer_dartagnan_ugemcutter,1470
locksmith_racerf_uautomizer_dartagnan_goblint,1508
locksmith_racerf_uautomizer_esbmc-kind_theta,922
locksmith_racerf_uautomizer_esbmc-kind_ugemcutter,927
locksmith_racerf_uautomizer_esbmc-kind_goblint,972
locksmith_racerf_uautomizer_theta_ugemcutter,1391
locksmith_racerf_uautomizer_theta_goblint,1416
locksmith_racerf_uautomizer_ugemcutter_goblint,1441
locksmith_racerf_sv-sanitizers_cpachecker_deagle,1420
locksmith_racerf_sv-sanitizers_cpachecker_dartagnan,1462
locksmith_racerf_sv-sanitizers_cpachecker_esbmc-kind,912
locksmith_racerf_sv-sanitizers_cpachecker_theta,1344
locksmith_racerf_sv-sanitizers_cpachecker_ugemcutter,1408
locksmith_racerf_sv-sanitizers_cpachecker_goblint,1418
locksmith_racerf_sv-sanitizers_deagle_dartagnan,1500
locksmith_racerf_sv-sanitizers_deagle_esbmc-kind,966
locksmith_racerf_sv-sanitizers_deagle_theta,1422
locksmith_racerf_sv-sanitizers_deagle_ugemcutter,1446
locksmith_racerf_sv-sanitizers_deagle_goblint,1458
locksmith_racerf_sv-sanitizers_dartagnan_esbmc-kind,986
locksmith_racerf_sv-sanitizers_dartagnan_theta,1460
locksmith_racerf_sv-sanitizers_dartagnan_ugemcutter,1470
locksmith_racerf_sv-sanitizers_dartagnan_goblint,1506
locksmith_racerf_sv-sanitizers_esbmc-kind_theta,921
locksmith_racerf_sv-sanitizers_esbmc-kind_ugemcutter,938
locksmith_racerf_sv-sanitizers_esbmc-kind_goblint,968
locksmith_racerf_sv-sanitizers_theta_ugemcutter,1406
locksmith_racerf_sv-sanitizers_theta_goblint,1430
locksmith_racerf_sv-sanitizers_ugemcutter_goblint,1458
locksmith_racerf_cpachecker_deagle_dartagnan,1496
locksmith_racerf_cpachecker_deagle_esbmc-kind,948
locksmith_racerf_cpachecker_deagle_theta,1374
locksmith_racerf_cpachecker_deagle_ugemcutter,1429
locksmith_racerf_cpachecker_deagle_goblint,1400
locksmith_racerf_cpachecker_dartagnan_esbmc-kind,987
locksmith_racerf_cpachecker_dartagnan_theta,1460
locksmith_racerf_cpachecker_dartagnan_ugemcutter,1470
locksmith_racerf_cpachecker_dartagnan_goblint,1502
locksmith_racerf_cpachecker_esbmc-kind_theta,905
locksmith_racerf_cpachecker_esbmc-kind_ugemcutter,927
locksmith_racerf_cpachecker_esbmc-kind_goblint,950
locksmith_racerf_cpachecker_theta_ugemcutter,1391
locksmith_racerf_cpachecker_theta_goblint,1382
locksmith_racerf_cpachecker_ugemcutter_goblint,1441
locksmith_racerf_deagle_dartagnan_esbmc-kind,1023
locksmith_racerf_deagle_dartagnan_theta,1498
locksmith_racerf_deagle_dartagnan_ugemcutter,1500
locksmith_racerf_deagle_dartagnan_goblint,1528
locksmith_racerf_deagle_esbmc-kind_theta,949
locksmith_racerf_deagle_esbmc-kind_ugemcutter,963
locksmith_racerf_deagle_esbmc-kind_goblint,986
locksmith_racerf_deagle_theta_ugemcutter,1429
locksmith_racerf_deagle_theta_goblint,1412
locksmith_racerf_deagle_ugemcutter_goblint,1467
locksmith_racerf_dartagnan_esbmc-kind_theta,985
locksmith_racerf_dartagnan_esbmc-kind_ugemcutter,994
locksmith_racerf_dartagnan_esbmc-kind_goblint,1031
locksmith_racerf_dartagnan_theta_ugemcutter,1468
locksmith_racerf_dartagnan_theta_goblint,1504
locksmith_racerf_dartagnan_ugemcutter_goblint,1508
locksmith_racerf_esbmc-kind_theta_ugemcutter,925
locksmith_racerf_esbmc-kind_theta_goblint,961
locksmith_racerf_esbmc-kind_ugemcutter_goblint,977
locksmith_racerf_theta_ugemcutter_goblint,1441
locksmith_nacpa_utaipan_uautomizer_sv-sanitizers,1409
locksmith_nacpa_utaipan_uautomizer_cpachecker,1379
locksmith_nacpa_utaipan_uautomizer_deagle,1459
locksmith_nacpa_utaipan_uautomizer_dartagnan,1509
locksmith_nacpa_utaipan_uautomizer_esbmc-kind,947
locksmith_nacpa_utaipan_uautomizer_theta,1379
locksmith_nacpa_utaipan_uautomizer_ugemcutter,1417
locksmith_nacpa_utaipan_uautomizer_goblint,1475
locksmith_nacpa_utaipan_sv-sanitizers_cpachecker,981
locksmith_nacpa_utaipan_sv-sanitizers_deagle,1481
locksmith_nacpa_utaipan_sv-sanitizers_dartagnan,1432
locksmith_nacpa_utaipan_sv-sanitizers_esbmc-kind,860
locksmith_nacpa_utaipan_sv-sanitizers_theta,1217
locksmith_nacpa_utaipan_sv-sanitizers_ugemcutter,1339
locksmith_nacpa_utaipan_sv-sanitizers_goblint,1499
locksmith_nacpa_utaipan_cpachecker_deagle,1442
locksmith_nacpa_utaipan_cpachecker_dartagnan,1431
locksmith_nacpa_utaipan_cpachecker_esbmc-kind,842
locksmith_nacpa_utaipan_cpachecker_theta,1178
locksmith_nacpa_utaipan_cpachecker_ugemcutter,1319
locksmith_nacpa_utaipan_cpachecker_goblint,1460
locksmith_nacpa_utaipan_deagle_dartagnan,1551
locksmith_nacpa_utaipan_deagle_esbmc-kind,1004
locksmith_nacpa_utaipan_deagle_theta,1442
locksmith_nacpa_utaipan_deagle_ugemcutter,1475
locksmith_nacpa_utaipan_deagle_goblint,1492
locksmith_nacpa_utaipan_dartagnan_esbmc-kind,959
locksmith_nacpa_utaipan_dartagnan_theta,1441
locksmith_nacpa_utaipan_dartagnan_ugemcutter,1475
locksmith_nacpa_utaipan_dartagnan_goblint,1567
locksmith_nacpa_utaipan_esbmc-kind_theta,868
locksmith_nacpa_utaipan_esbmc-kind_ugemcutter,906
locksmith_nacpa_utaipan_esbmc-kind_goblint,1026
locksmith_nacpa_utaipan_theta_ugemcutter,1337
locksmith_nacpa_utaipan_theta_goblint,1460
locksmith_nacpa_utaipan_ugemcutter_goblint,1495
locksmith_nacpa_uautomizer_sv-sanitizers_cpachecker,1401
locksmith_nacpa_uautomizer_sv-sanitizers_deagle,1489
locksmith_nacpa_uautomizer_sv-sanitizers_dartagnan,1508
locksmith_nacpa_uautomizer_sv-sanitizers_esbmc-kind,959
locksmith_nacpa_uautomizer_sv-sanitizers_theta,1401
locksmith_nacpa_uautomizer_sv-sanitizers_ugemcutter,1435
locksmith_nacpa_uautomizer_sv-sanitizers_goblint,1505
locksmith_nacpa_uautomizer_cpachecker_deagle,1457
locksmith_nacpa_uautomizer_cpachecker_dartagnan,1506
locksmith_nacpa_uautomizer_cpachecker_esbmc-kind,944
locksmith_nacpa_uautomizer_cpachecker_theta,1369
locksmith_nacpa_uautomizer_cpachecker_ugemcutter,1416
locksmith_nacpa_uautomizer_cpachecker_goblint,1473
locksmith_nacpa_uautomizer_deagle_dartagnan,1554
locksmith_nacpa_uautomizer_deagle_esbmc-kind,1012
locksmith_nacpa_uautomizer_deagle_theta,1457
locksmith_nacpa_uautomizer_deagle_ugemcutter,1480
locksmith_nacpa_uautomizer_deagle_goblint,1503
locksmith_nacpa_uautomizer_dartagnan_esbmc-kind,1032
locksmith_nacpa_uautomizer_dartagnan_theta,1506
locksmith_nacpa_uautomizer_dartagnan_ugemcutter,1510
locksmith_nacpa_uautomizer_dartagnan_goblint,1566
locksmith_nacpa_uautomizer_esbmc-kind_theta,944
locksmith_nacpa_uautomizer_esbmc-kind_ugemcutter,955
locksmith_nacpa_uautomizer_esbmc-kind_goblint,1030
locksmith_nacpa_uautomizer_theta_ugemcutter,1416
locksmith_nacpa_uautomizer_theta_goblint,1473
locksmith_nacpa_uautomizer_ugemcutter_goblint,1496
locksmith_nacpa_sv-sanitizers_cpachecker_deagle,1468
locksmith_nacpa_sv-sanitizers_cpachecker_dartagnan,1250
locksmith_nacpa_sv-sanitizers_cpachecker_esbmc-kind,607
locksmith_nacpa_sv-sanitizers_cpachecker_theta,1024
locksmith_nacpa_sv-sanitizers_cpachecker_ugemcutter,1337
locksmith_nacpa_sv-sanitizers_cpachecker_goblint,1482
locksmith_nacpa_sv-sanitizers_deagle_dartagnan,1542
locksmith_nacpa_sv-sanitizers_deagle_esbmc-kind,1011
locksmith_nacpa_sv-sanitizers_deagle_theta,1468
locksmith_nacpa_sv-sanitizers_deagle_ugemcutter,1495
locksmith_nacpa_sv-sanitizers_deagle_goblint,1526
locksmith_nacpa_sv-sanitizers_dartagnan_esbmc-kind,789
locksmith_nacpa_sv-sanitizers_dartagnan_theta,1316
locksmith_nacpa_sv-sanitizers_dartagnan_ugemcutter,1474
locksmith_nacpa_sv-sanitizers_dartagnan_goblint,1564
locksmith_nacpa_sv-sanitizers_esbmc-kind_theta,753
locksmith_nacpa_sv-sanitizers_esbmc-kind_ugemcutter,920
locksmith_nacpa_sv-sanitizers_esbmc-kind_goblint,1029
locksmith_nacpa_sv-sanitizers_theta_ugemcutter,1355
locksmith_nacpa_sv-sanitizers_theta_goblint,1492
locksmith_nacpa_sv-sanitizers_ugemcutter_goblint,1515
locksmith_nacpa_cpachecker_deagle_dartagnan,1540
locksmith_nacpa_cpachecker_deagle_esbmc-kind,989
locksmith_nacpa_cpachecker_deagle_theta,1392
locksmith_nacpa_cpachecker_deagle_ugemcutter,1474
locksmith_nacpa_cpachecker_deagle_goblint,1450
locksmith_nacpa_cpachecker_dartagnan_esbmc-kind,787
locksmith_nacpa_cpachecker_dartagnan_theta,1314
locksmith_nacpa_cpachecker_dartagnan_ugemcutter,1472
locksmith_nacpa_cpachecker_dartagnan_goblint,1562
locksmith_nacpa_cpachecker_esbmc-kind_theta,731
locksmith_nacpa_cpachecker_esbmc-kind_ugemcutter,903
locksmith_nacpa_cpachecker_esbmc-kind_goblint,1007
locksmith_nacpa_cpachecker_theta_ugemcutter,1334
locksmith_nacpa_cpachecker_theta_goblint,1416
locksmith_nacpa_cpachecker_ugemcutter_goblint,1494
locksmith_nacpa_deagle_dartagnan_esbmc-kind,1063
locksmith_nacpa_deagle_dartagnan_theta,1540
locksmith_nacpa_deagle_dartagnan_ugemcutter,1550
locksmith_nacpa_deagle_dartagnan_goblint,1592
locksmith_nacpa_deagle_esbmc-kind_theta,989
locksmith_nacpa_deagle_esbmc-kind_ugemcutter,1009
locksmith_nacpa_deagle_esbmc-kind_goblint,1047
locksmith_nacpa_deagle_theta_ugemcutter,1474
locksmith_nacpa_deagle_theta_goblint,1450
locksmith_nacpa_deagle_ugemcutter_goblint,1524
locksmith_nacpa_dartagnan_esbmc-kind_theta,853
locksmith_nacpa_dartagnan_esbmc-kind_ugemcutter,998
locksmith_nacpa_dartagnan_esbmc-kind_goblint,1087
locksmith_nacpa_dartagnan_theta_ugemcutter,1478
locksmith_nacpa_dartagnan_theta_goblint,1562
locksmith_nacpa_dartagnan_ugemcutter_goblint,1566
locksmith_nacpa_esbmc-kind_theta_ugemcutter,917
locksmith_nacpa_esbmc-kind_theta_goblint,1017
locksmith_nacpa_esbmc-kind_ugemcutter_goblint,1031
locksmith_nacpa_theta_ugemcutter_goblint,1494
locksmith_utaipan_uautomizer_sv-sanitizers_cpachecker,1395
locksmith_utaipan_uautomizer_sv-sanitizers_deagle,1475
locksmith_utaipan_uautomizer_sv-sanitizers_dartagnan,1501
locksmith_utaipan_uautomizer_sv-sanitizers_esbmc-kind,948
locksmith_utaipan_uautomizer_sv-sanitizers_theta,1389
locksmith_utaipan_uautomizer_sv-sanitizers_ugemcutter,1425
locksmith_utaipan_uautomizer_sv-sanitizers_goblint,1491
locksmith_utaipan_uautomizer_cpachecker_deagle,1443
locksmith_utaipan_uautomizer_cpachecker_dartagnan,1507
locksmith_utaipan_uautomizer_cpachecker_esbmc-kind,942
locksmith_utaipan_uautomizer_cpachecker_theta,1365
locksmith_utaipan_uautomizer_cpachecker_ugemcutter,1413
locksmith_utaipan_uautomizer_cpachecker_goblint,1459
locksmith_utaipan_uautomizer_deagle_dartagnan,1553
locksmith_utaipan_uautomizer_deagle_esbmc-kind,1008
locksmith_utaipan_uautomizer_deagle_theta,1445
locksmith_utaipan_uautomizer_deagle_ugemcutter,1477
locksmith_utaipan_uautomizer_deagle_goblint,1489
locksmith_utaipan_uautomizer_dartagnan_esbmc-kind,1027
locksmith_utaipan_uautomizer_dartagnan_theta,1499
locksmith_utaipan_uautomizer_dartagnan_ugemcutter,1501
locksmith_utaipan_uautomizer_dartagnan_goblint,1565
locksmith_utaipan_uautomizer_esbmc-kind_theta,934
locksmith_utaipan_uautomizer_esbmc-kind_ugemcutter,947
locksmith_utaipan_uautomizer_esbmc-kind_goblint,1026
locksmith_utaipan_uautomizer_theta_ugemcutter,1405
locksmith_utaipan_uautomizer_theta_goblint,1461
locksmith_utaipan_uautomizer_ugemcutter_goblint,1493
locksmith_utaipan_sv-sanitizers_cpachecker_deagle,1464
locksmith_utaipan_sv-sanitizers_cpachecker_dartagnan,1431
locksmith_utaipan_sv-sanitizers_cpachecker_esbmc-kind,855
locksmith_utaipan_sv-sanitizers_cpachecker_theta,1202
locksmith_utaipan_sv-sanitizers_cpachecker_ugemcutter,1337
locksmith_utaipan_sv-sanitizers_cpachecker_goblint,1482
locksmith_utaipan_sv-sanitizers_deagle_dartagnan,1551
locksmith_utaipan_sv-sanitizers_deagle_esbmc-kind,1017
locksmith_utaipan_sv-sanitizers_deagle_theta,1466
locksmith_utaipan_sv-sanitizers_deagle_ugemcutter,1493
locksmith_utaipan_sv-sanitizers_deagle_goblint,1514
locksmith_utaipan_sv-sanitizers_dartagnan_esbmc-kind,950
locksmith_utaipan_sv-sanitizers_dartagnan_theta,1433
locksmith_utaipan_sv-sanitizers_dartagnan_ugemcutter,1467
locksmith_utaipan_sv-sanitizers_dartagnan_goblint,1567
locksmith_utaipan_sv-sanitizers_esbmc-kind_theta,873
locksmith_utaipan_sv-sanitizers_esbmc-kind_ugemcutter,909
locksmith_utaipan_sv-sanitizers_esbmc-kind_goblint,1039
locksmith_utaipan_sv-sanitizers_theta_ugemcutter,1347
locksmith_utaipan_sv-sanitizers_theta_goblint,1484
locksmith_utaipan_sv-sanitizers_ugemcutter_goblint,1513
locksmith_utaipan_cpachecker_deagle_dartagnan,1549
locksmith_utaipan_cpachecker_deagle_esbmc-kind,999
locksmith_utaipan_cpachecker_deagle_theta,1424
locksmith_utaipan_cpachecker_deagle_ugemcutter,1471
locksmith_utaipan_cpachecker_deagle_goblint,1471
locksmith_utaipan_cpachecker_dartagnan_esbmc-kind,959
locksmith_utaipan_cpachecker_dartagnan_theta,1439
locksmith_utaipan_cpachecker_dartagnan_ugemcutter,1473
locksmith_utaipan_cpachecker_dartagnan_goblint,1565
locksmith_utaipan_cpachecker_esbmc-kind_theta,863
locksmith_utaipan_cpachecker_esbmc-kind_ugemcutter,905
locksmith_utaipan_cpachecker_esbmc-kind_goblint,1021
locksmith_utaipan_cpachecker_theta_ugemcutter,1333
locksmith_utaipan_cpachecker_theta_goblint,1442
locksmith_utaipan_cpachecker_ugemcutter_goblint,1491
locksmith_utaipan_deagle_dartagnan_esbmc-kind,1073
locksmith_utaipan_deagle_dartagnan_theta,1549
locksmith_utaipan_deagle_dartagnan_ugemcutter,1549
locksmith_utaipan_deagle_dartagnan_goblint,1593
locksmith_utaipan_deagle_esbmc-kind_theta,999
locksmith_utaipan_deagle_esbmc-kind_ugemcutter,1009
locksmith_utaipan_deagle_esbmc-kind_goblint,1049
locksmith_utaipan_deagle_theta_ugemcutter,1471
locksmith_utaipan_deagle_theta_goblint,1474
locksmith_utaipan_deagle_ugemcutter_goblint,1521
locksmith_utaipan_dartagnan_esbmc-kind_theta,961
locksmith_utaipan_dartagnan_esbmc-kind_ugemcutter,993
locksmith_utaipan_dartagnan_esbmc-kind_goblint,1091
locksmith_utaipan_dartagnan_theta_ugemcutter,1471
locksmith_utaipan_dartagnan_theta_goblint,1565
locksmith_utaipan_dartagnan_ugemcutter_goblint,1565
locksmith_utaipan_esbmc-kind_theta_ugemcutter,911
locksmith_utaipan_esbmc-kind_theta_goblint,1021
locksmith_utaipan_esbmc-kind_ugemcutter_goblint,1031
locksmith_utaipan_theta_ugemcutter_goblint,1491
locksmith_uautomizer_sv-sanitizers_cpachecker_deagle,1474
locksmith_uautomizer_sv-sanitizers_cpachecker_dartagnan,1507
locksmith_uautomizer_sv-sanitizers_cpachecker_esbmc-kind,954
locksmith_uautomizer_sv-sanitizers_cpachecker_theta,1389
locksmith_uautomizer_sv-sanitizers_cpachecker_ugemcutter,1432
locksmith_uautomizer_sv-sanitizers_cpachecker_goblint,1490
locksmith_uautomizer_sv-sanitizers_deagle_dartagnan,1555
locksmith_uautomizer_sv-sanitizers_deagle_esbmc-kind,1022
locksmith_uautomizer_sv-sanitizers_deagle_theta,1477
locksmith_uautomizer_sv-sanitizers_deagle_ugemcutter,1496
locksmith_uautomizer_sv-sanitizers_deagle_goblint,1520
locksmith_uautomizer_sv-sanitizers_dartagnan_esbmc-kind,1026
locksmith_uautomizer_sv-sanitizers_dartagnan_theta,1499
locksmith_uautomizer_sv-sanitizers_dartagnan_ugemcutter,1503
locksmith_uautomizer_sv-sanitizers_dartagnan_goblint,1567
locksmith_uautomizer_sv-sanitizers_esbmc-kind_theta,946
locksmith_uautomizer_sv-sanitizers_esbmc-kind_ugemcutter,961
locksmith_uautomizer_sv-sanitizers_esbmc-kind_goblint,1040
locksmith_uautomizer_sv-sanitizers_theta_ugemcutter,1425
locksmith_uautomizer_sv-sanitizers_theta_goblint,1493
locksmith_uautomizer_sv-sanitizers_ugemcutter_goblint,1512
locksmith_uautomizer_cpachecker_deagle_dartagnan,1552
locksmith_uautomizer_cpachecker_deagle_esbmc-kind,1007
locksmith_uautomizer_cpachecker_deagle_theta,1443
locksmith_uautomizer_cpachecker_deagle_ugemcutter,1475
locksmith_uautomizer_cpachecker_deagle_goblint,1486
locksmith_uautomizer_cpachecker_dartagnan_esbmc-kind,1032
locksmith_uautomizer_cpachecker_dartagnan_theta,1504
locksmith_uautomizer_cpachecker_dartagnan_ugemcutter,1508
locksmith_uautomizer_cpachecker_dartagnan_goblint,1564
locksmith_uautomizer_cpachecker_esbmc-kind_theta,939
locksmith_uautomizer_cpachecker_esbmc-kind_ugemcutter,954
locksmith_uautomizer_cpachecker_esbmc-kind_goblint,1025
locksmith_uautomizer_cpachecker_theta_ugemcutter,1412
locksmith_uautomizer_cpachecker_theta_goblint,1459
locksmith_uautomizer_cpachecker_ugemcutter_goblint,1491
locksmith_uautomizer_deagle_dartagnan_esbmc-kind,1076
locksmith_uautomizer_deagle_dartagnan_theta,1552
locksmith_uautomizer_deagle_dartagnan_ugemcutter,1552
locksmith_uautomizer_deagle_dartagnan_goblint,1592
locksmith_uautomizer_deagle_esbmc-kind_theta,1007
locksmith_uautomizer_deagle_esbmc-kind_ugemcutter,1014
locksmith_uautomizer_deagle_esbmc-kind_goblint,1053
locksmith_uautomizer_deagle_theta_ugemcutter,1476
locksmith_uautomizer_deagle_theta_goblint,1489
locksmith_uautomizer_deagle_ugemcutter_goblint,1521
locksmith_uautomizer_dartagnan_esbmc-kind_theta,1024
locksmith_uautomizer_dartagnan_esbmc-kind_ugemcutter,1028
locksmith_uautomizer_dartagnan_esbmc-kind_goblint,1090
locksmith_uautomizer_dartagnan_theta_ugemcutter,1500
locksmith_uautomizer_dartagnan_theta_goblint,1564
locksmith_uautomizer_dartagnan_ugemcutter_goblint,1564
locksmith_uautomizer_esbmc-kind_theta_ugemcutter,946
locksmith_uautomizer_esbmc-kind_theta_goblint,1025
locksmith_uautomizer_esbmc-kind_ugemcutter_goblint,1032
locksmith_uautomizer_theta_ugemcutter_goblint,1492
locksmith_sv-sanitizers_cpachecker_deagle_dartagnan,1541
locksmith_sv-sanitizers_cpachecker_deagle_esbmc-kind,1003
locksmith_sv-sanitizers_cpachecker_deagle_theta,1452
locksmith_sv-sanitizers_cpachecker_deagle_ugemcutter,1492
locksmith_sv-sanitizers_cpachecker_deagle_goblint,1501
locksmith_sv-sanitizers_cpachecker_dartagnan_esbmc-kind,789
locksmith_sv-sanitizers_cpachecker_dartagnan_theta,1315
locksmith_sv-sanitizers_cpachecker_dartagnan_ugemcutter,1473
locksmith_sv-sanitizers_cpachecker_dartagnan_goblint,1563
locksmith_sv-sanitizers_cpachecker_esbmc-kind_theta,747
locksmith_sv-sanitizers_cpachecker_esbmc-kind_ugemcutter,919
locksmith_sv-sanitizers_cpachecker_esbmc-kind_goblint,1021
locksmith_sv-sanitizers_cpachecker_theta_ugemcutter,1353
locksmith_sv-sanitizers_cpachecker_theta_goblint,1476
locksmith_sv-sanitizers_cpachecker_ugemcutter_goblint,1512
locksmith_sv-sanitizers_deagle_dartagnan_esbmc-kind,1061
locksmith_sv-sanitizers_deagle_dartagnan_theta,1541
locksmith_sv-sanitizers_deagle_dartagnan_ugemcutter,1551
locksmith_sv-sanitizers_deagle_dartagnan_goblint,1593
locksmith_sv-sanitizers_deagle_esbmc-kind_theta,1005
locksmith_sv-sanitizers_deagle_esbmc-kind_ugemcutter,1025
locksmith_sv-sanitizers_deagle_esbmc-kind_goblint,1061
locksmith_sv-sanitizers_deagle_theta_ugemcutter,1493
locksmith_sv-sanitizers_deagle_theta_goblint,1510
locksmith_sv-sanitizers_deagle_ugemcutter_goblint,1542
locksmith_sv-sanitizers_dartagnan_esbmc-kind_theta,847
locksmith_sv-sanitizers_dartagnan_esbmc-kind_ugemcutter,992
locksmith_sv-sanitizers_dartagnan_esbmc-kind_goblint,1089
locksmith_sv-sanitizers_dartagnan_theta_ugemcutter,1471
locksmith_sv-sanitizers_dartagnan_theta_goblint,1563
locksmith_sv-sanitizers_dartagnan_ugemcutter_goblint,1567
locksmith_sv-sanitizers_esbmc-kind_theta_ugemcutter,925
locksmith_sv-sanitizers_esbmc-kind_theta_goblint,1033
locksmith_sv-sanitizers_esbmc-kind_ugemcutter_goblint,1047
locksmith_sv-sanitizers_theta_ugemcutter_goblint,1513
locksmith_cpachecker_deagle_dartagnan_esbmc-kind,1063
locksmith_cpachecker_deagle_dartagnan_theta,1538
locksmith_cpachecker_deagle_dartagnan_ugemcutter,1548
locksmith_cpachecker_deagle_dartagnan_goblint,1588
locksmith_cpachecker_deagle_esbmc-kind_theta,983
locksmith_cpachecker_deagle_esbmc-kind_ugemcutter,1008
locksmith_cpachecker_deagle_esbmc-kind_goblint,1039
locksmith_cpachecker_deagle_theta_ugemcutter,1470
locksmith_cpachecker_deagle_theta_goblint,1425
locksmith_cpachecker_deagle_ugemcutter_goblint,1519
locksmith_cpachecker_dartagnan_esbmc-kind_theta,853
locksmith_cpachecker_dartagnan_esbmc-kind_ugemcutter,998
locksmith_cpachecker_dartagnan_esbmc-kind_goblint,1087
locksmith_cpachecker_dartagnan_theta_ugemcutter,1476
locksmith_cpachecker_dartagnan_theta_goblint,1560
locksmith_cpachecker_dartagnan_ugemcutter_goblint,1564
locksmith_cpachecker_esbmc-kind_theta_ugemcutter,916
locksmith_cpachecker_esbmc-kind_theta_goblint,1011
locksmith_cpachecker_esbmc-kind_ugemcutter_goblint,1030
locksmith_cpachecker_theta_ugemcutter_goblint,1490
locksmith_deagle_dartagnan_esbmc-kind_theta,1063
locksmith_deagle_dartagnan_esbmc-kind_ugemcutter,1072
locksmith_deagle_dartagnan_esbmc-kind_goblint,1115
locksmith_deagle_dartagnan_theta_ugemcutter,1548
locksmith_deagle_dartagnan_theta_goblint,1590
locksmith_deagle_dartagnan_ugemcutter_goblint,1592
locksmith_deagle_esbmc-kind_theta_ugemcutter,1008
locksmith_deagle_esbmc-kind_theta_goblint,1041
locksmith_deagle_esbmc-kind_ugemcutter_goblint,1058
locksmith_deagle_theta_ugemcutter_goblint,1520
locksmith_dartagnan_esbmc-kind_theta_ugemcutter,996
locksmith_dartagnan_esbmc-kind_theta_goblint,1087
locksmith_dartagnan_esbmc-kind_ugemcutter_goblint,1090
locksmith_dartagnan_theta_ugemcutter_goblint,1564
locksmith_esbmc-kind_theta_ugemcutter_goblint,1030
racerf_nacpa_utaipan_uautomizer_sv-sanitizers,1483
racerf_nacpa_utaipan_uautomizer_cpachecker,1461
racerf_nacpa_utaipan_uautomizer_deagle,1513
racerf_nacpa_utaipan_uautomizer_dartagnan,1568
racerf_nacpa_utaipan_uautomizer_esbmc-kind,1021
racerf_nacpa_utaipan_uautomizer_theta,1461
racerf_nacpa_utaipan_uautomizer_ugemcutter,1487
racerf_nacpa_utaipan_uautomizer_goblint,1519
racerf_nacpa_utaipan_sv-sanitizers_cpachecker,1477
racerf_nacpa_utaipan_sv-sanitizers_deagle,1533
racerf_nacpa_utaipan_sv-sanitizers_dartagnan,1566
racerf_nacpa_utaipan_sv-sanitizers_esbmc-kind,1031
racerf_nacpa_utaipan_sv-sanitizers_theta,1477
racerf_nacpa_utaipan_sv-sanitizers_ugemcutter,1499
racerf_nacpa_utaipan_sv-sanitizers_goblint,1537
racerf_nacpa_utaipan_cpachecker_deagle,1504
racerf_nacpa_utaipan_cpachecker_dartagnan,1566
racerf_nacpa_utaipan_cpachecker_esbmc-kind,1017
racerf_nacpa_utaipan_cpachecker_theta,1448
racerf_nacpa_utaipan_cpachecker_ugemcutter,1485
racerf_nacpa_utaipan_cpachecker_goblint,1508
racerf_nacpa_utaipan_deagle_dartagnan,1598
racerf_nacpa_utaipan_deagle_esbmc-kind,1057
racerf_nacpa_utaipan_deagle_theta,1504
racerf_nacpa_utaipan_deagle_ugemcutter,1529
racerf_nacpa_utaipan_deagle_goblint,1542
racerf_nacpa_utaipan_dartagnan_esbmc-kind,1090
racerf_nacpa_utaipan_dartagnan_theta,1566
racerf_nacpa_utaipan_dartagnan_ugemcutter,1566
racerf_nacpa_utaipan_dartagnan_goblint,1604
racerf_nacpa_utaipan_esbmc-kind_theta,1017
racerf_nacpa_utaipan_esbmc-kind_ugemcutter,1020
racerf_nacpa_utaipan_esbmc-kind_goblint,1067
racerf_nacpa_utaipan_theta_ugemcutter,1485
racerf_nacpa_utaipan_theta_goblint,1508
racerf_nacpa_utaipan_ugemcutter_goblint,1535
racerf_nacpa_uautomizer_sv-sanitizers_cpachecker,1479
racerf_nacpa_uautomizer_sv-sanitizers_deagle,1535
racerf_nacpa_uautomizer_sv-sanitizers_dartagnan,1568
racerf_nacpa_uautomizer_sv-sanitizers_esbmc-kind,1033
racerf_nacpa_uautomizer_sv-sanitizers_theta,1479
racerf_nacpa_uautomizer_sv-sanitizers_ugemcutter,1501
racerf_nacpa_uautomizer_sv-sanitizers_goblint,1541
racerf_nacpa_uautomizer_cpachecker_deagle,1511
racerf_nacpa_uautomizer_cpachecker_dartagnan,1567
racerf_nacpa_uautomizer_cpachecker_esbmc-kind,1020
racerf_nacpa_uautomizer_cpachecker_theta,1455
racerf_nacpa_uautomizer_cpachecker_ugemcutter,1486
racerf_nacpa_uautomizer_cpachecker_goblint,1517
racerf_nacpa_uautomizer_deagle_dartagnan,1597
racerf_nacpa_uautomizer_deagle_esbmc-kind,1058
racerf_nacpa_uautomizer_deagle_theta,1511
racerf_nacpa_uautomizer_deagle_ugemcutter,1528
racerf_nacpa_uautomizer_deagle_goblint,1549
racerf_nacpa_uautomizer_dartagnan_esbmc-kind,1091
racerf_nacpa_uautomizer_dartagnan_theta,1567
racerf_nacpa_uautomizer_dartagnan_ugemcutter,1567
racerf_nacpa_uautomizer_dartagnan_goblint,1603
racerf_nacpa_uautomizer_esbmc-kind_theta,1020
racerf_nacpa_uautomizer_esbmc-kind_ugemcutter,1021
racerf_nacpa_uautomizer_esbmc-kind_goblint,1068
racerf_nacpa_uautomizer_theta_ugemcutter,1486
racerf_nacpa_uautomizer_theta_goblint,1517
racerf_nacpa_uautomizer_ugemcutter_goblint,1534
racerf_nacpa_sv-sanitizers_cpachecker_deagle,1529
racerf_nacpa_sv-sanitizers_cpachecker_dartagnan,1556
racerf_nacpa_sv-sanitizers_cpachecker_esbmc-kind,1010
racerf_nacpa_sv-sanitizers_cpachecker_theta,1445
racerf_nacpa_sv-sanitizers_cpachecker_ugemcutter,1499
racerf_nacpa_sv-sanitizers_cpachecker_goblint,1521
racerf_nacpa_sv-sanitizers_deagle_dartagnan,1596
racerf_nacpa_sv-sanitizers_deagle_esbmc-kind,1068
racerf_nacpa_sv-sanitizers_deagle_theta,1529
racerf_nacpa_sv-sanitizers_deagle_ugemcutter,1543
racerf_nacpa_sv-sanitizers_deagle_goblint,1567
racerf_nacpa_sv-sanitizers_dartagnan_esbmc-kind,1081
racerf_nacpa_sv-sanitizers_dartagnan_theta,1556
racerf_nacpa_sv-sanitizers_dartagnan_ugemcutter,1566
racerf_nacpa_sv-sanitizers_dartagnan_goblint,1600
racerf_nacpa_sv-sanitizers_esbmc-kind_theta,1020
racerf_nacpa_sv-sanitizers_esbmc-kind_ugemcutter,1032
racerf_nacpa_sv-sanitizers_esbmc-kind_goblint,1066
racerf_nacpa_sv-sanitizers_theta_ugemcutter,1499
racerf_nacpa_sv-sanitizers_theta_goblint,1531
racerf_nacpa_sv-sanitizers_ugemcutter_goblint,1549
racerf_nacpa_cpachecker_deagle_dartagnan,1595
racerf_nacpa_cpachecker_deagle_esbmc-kind,1050
racerf_nacpa_cpachecker_deagle_theta,1482
racerf_nacpa_cpachecker_deagle_ugemcutter,1528
racerf_nacpa_cpachecker_deagle_goblint,1520
racerf_nacpa_cpachecker_dartagnan_esbmc-kind,1080
racerf_nacpa_cpachecker_dartagnan_theta,1555
racerf_nacpa_cpachecker_dartagnan_ugemcutter,1565
racerf_nacpa_cpachecker_dartagnan_goblint,1599
racerf_nacpa_cpachecker_esbmc-kind_theta,1002
racerf_nacpa_cpachecker_esbmc-kind_ugemcutter,1019
racerf_nacpa_cpachecker_esbmc-kind_goblint,1048
racerf_nacpa_cpachecker_theta_ugemcutter,1484
racerf_nacpa_cpachecker_theta_goblint,1484
racerf_nacpa_cpachecker_ugemcutter_goblint,1534
racerf_nacpa_deagle_dartagnan_esbmc-kind,1118
racerf_nacpa_deagle_dartagnan_theta,1595
racerf_nacpa_deagle_dartagnan_ugemcutter,1597
racerf_nacpa_deagle_dartagnan_goblint,1627
racerf_nacpa_deagle_esbmc-kind_theta,1050
racerf_nacpa_deagle_esbmc-kind_ugemcutter,1059
racerf_nacpa_deagle_esbmc-kind_goblint,1088
racerf_nacpa_deagle_theta_ugemcutter,1528
racerf_nacpa_deagle_theta_goblint,1520
racerf_nacpa_deagle_ugemcutter_goblint,1566
racerf_nacpa_dartagnan_esbmc-kind_theta,1080
racerf_nacpa_dartagnan_esbmc-kind_ugemcutter,1089
racerf_nacpa_dartagnan_esbmc-kind_goblint,1124
racerf_nacpa_dartagnan_theta_ugemcutter,1565
racerf_nacpa_dartagnan_theta_goblint,1599
racerf_nacpa_dartagnan_ugemcutter_goblint,1603
racerf_nacpa_esbmc-kind_theta_ugemcutter,1019
racerf_nacpa_esbmc-kind_theta_goblint,1058
racerf_nacpa_esbmc-kind_ugemcutter_goblint,1069
racerf_nacpa_theta_ugemcutter_goblint,1534
racerf_utaipan_uautomizer_sv-sanitizers_cpachecker,1473
racerf_utaipan_uautomizer_sv-sanitizers_deagle,1525
racerf_utaipan_uautomizer_sv-sanitizers_dartagnan,1565
racerf_utaipan_uautomizer_sv-sanitizers_esbmc-kind,1026
racerf_utaipan_uautomizer_sv-sanitizers_theta,1471
racerf_utaipan_uautomizer_sv-sanitizers_ugemcutter,1497
racerf_utaipan_uautomizer_sv-sanitizers_goblint,1531
racerf_utaipan_uautomizer_cpachecker_deagle,1501
racerf_utaipan_uautomizer_cpachecker_dartagnan,1566
racerf_utaipan_uautomizer_cpachecker_esbmc-kind,1016
racerf_utaipan_uautomizer_cpachecker_theta,1449
racerf_utaipan_uautomizer_cpachecker_ugemcutter,1483
racerf_utaipan_uautomizer_cpachecker_goblint,1507
racerf_utaipan_uautomizer_deagle_dartagnan,1596
racerf_utaipan_uautomizer_deagle_esbmc-kind,1054
racerf_utaipan_uautomizer_deagle_theta,1501
racerf_utaipan_uautomizer_deagle_ugemcutter,1525
racerf_utaipan_uautomizer_deagle_goblint,1539
racerf_utaipan_uautomizer_dartagnan_esbmc-kind,1090
racerf_utaipan_uautomizer_dartagnan_theta,1564
racerf_utaipan_uautomizer_dartagnan_ugemcutter,1564
racerf_utaipan_uautomizer_dartagnan_goblint,1602
racerf_utaipan_uautomizer_esbmc-kind_theta,1014
racerf_utaipan_uautomizer_esbmc-kind_ugemcutter,1019
racerf_utaipan_uautomizer_esbmc-kind_goblint,1064
racerf_utaipan_uautomizer_theta_ugemcutter,1481
racerf_utaipan_uautomizer_theta_goblint,1507
racerf_utaipan_uautomizer_ugemcutter_goblint,1531
racerf_utaipan_sv-sanitizers_cpachecker_deagle,1522
racerf_utaipan_sv-sanitizers_cpachecker_dartagnan,1565
racerf_utaipan_sv-sanitizers_cpachecker_esbmc-kind,1026
racerf_utaipan_sv-sanitizers_cpachecker_theta,1466
racerf_utaipan_sv-sanitizers_cpachecker_ugemcutter,1497
racerf_utaipan_sv-sanitizers_cpachecker_goblint,1526
racerf_utaipan_sv-sanitizers_deagle_dartagnan,1597
racerf_utaipan_sv-sanitizers_deagle_esbmc-kind,1066
racerf_utaipan_sv-sanitizers_deagle_theta,1522
racerf_utaipan_sv-sanitizers_deagle_ugemcutter,1541
racerf_utaipan_sv-sanitizers_deagle_goblint,1560
racerf_utaipan_sv-sanitizers_dartagnan_esbmc-kind,1088
racerf_utaipan_sv-sanitizers_dartagnan_theta,1563
racerf_utaipan_sv-sanitizers_dartagnan_ugemcutter,1563
racerf_utaipan_sv-sanitizers_dartagnan_goblint,1603
racerf_utaipan_sv-sanitizers_esbmc-kind_theta,1024
racerf_utaipan_sv-sanitizers_esbmc-kind_ugemcutter,1029
racerf_utaipan_sv-sanitizers_esbmc-kind_goblint,1076
racerf_utaipan_sv-sanitizers_theta_ugemcutter,1495
racerf_utaipan_sv-sanitizers_theta_goblint,1526
racerf_utaipan_sv-sanitizers_ugemcutter_goblint,1547
racerf_utaipan_cpachecker_deagle_dartagnan,1596
racerf_utaipan_cpachecker_deagle_esbmc-kind,1052
racerf_utaipan_cpachecker_deagle_theta,1491
racerf_utaipan_cpachecker_deagle_ugemcutter,1525
racerf_utaipan_cpachecker_deagle_goblint,1528
racerf_utaipan_cpachecker_dartagnan_esbmc-kind,1090
racerf_utaipan_cpachecker_dartagnan_theta,1564
racerf_utaipan_cpachecker_dartagnan_ugemcutter,1564
racerf_utaipan_cpachecker_dartagnan_goblint,1602
racerf_utaipan_cpachecker_esbmc-kind_theta,1012
racerf_utaipan_cpachecker_esbmc-kind_ugemcutter,1019
racerf_utaipan_cpachecker_esbmc-kind_goblint,1062
racerf_utaipan_cpachecker_theta_ugemcutter,1481
racerf_utaipan_cpachecker_theta_goblint,1495
racerf_utaipan_cpachecker_ugemcutter_goblint,1531
racerf_utaipan_deagle_dartagnan_esbmc-kind,1120
racerf_utaipan_deagle_dartagnan_theta,1596
racerf_utaipan_deagle_dartagnan_ugemcutter,1596
racerf_utaipan_deagle_dartagnan_goblint,1628
racerf_utaipan_deagle_esbmc-kind_theta,1052
racerf_utaipan_deagle_esbmc-kind_ugemcutter,1059
racerf_utaipan_deagle_esbmc-kind_goblint,1090
racerf_utaipan_deagle_theta_ugemcutter,1525
racerf_utaipan_deagle_theta_goblint,1529
racerf_utaipan_deagle_ugemcutter_goblint,1563
racerf_utaipan_dartagnan_esbmc-kind_theta,1088
racerf_utaipan_dartagnan_esbmc-kind_ugemcutter,1088
racerf_utaipan_dartagnan_esbmc-kind_goblint,1128
racerf_utaipan_dartagnan_theta_ugemcutter,1562
racerf_utaipan_dartagnan_theta_goblint,1602
racerf_utaipan_dartagnan_ugemcutter_goblint,1602
racerf_utaipan_esbmc-kind_theta_ugemcutter,1017
racerf_utaipan_esbmc-kind_theta_goblint,1062
racerf_utaipan_esbmc-kind_ugemcutter_goblint,1069
racerf_utaipan_theta_ugemcutter_goblint,1531
racerf_uautomizer_sv-sanitizers_cpachecker_deagle,1525
racerf_uautomizer_sv-sanitizers_cpachecker_dartagnan,1567
racerf_uautomizer_sv-sanitizers_cpachecker_esbmc-kind,1028
racerf_uautomizer_sv-sanitizers_cpachecker_theta,1469
racerf_uautomizer_sv-sanitizers_cpachecker_ugemcutter,1499
racerf_uautomizer_sv-sanitizers_cpachecker_goblint,1531
racerf_uautomizer_sv-sanitizers_deagle_dartagnan,1597
racerf_uautomizer_sv-sanitizers_deagle_esbmc-kind,1066
racerf_uautomizer_sv-sanitizers_deagle_theta,1525
racerf_uautomizer_sv-sanitizers_deagle_ugemcutter,1541
racerf_uautomizer_sv-sanitizers_deagle_goblint,1563
racerf_uautomizer_sv-sanitizers_dartagnan_esbmc-kind,1090
racerf_uautomizer_sv-sanitizers_dartagnan_theta,1565
racerf_uautomizer_sv-sanitizers_dartagnan_ugemcutter,1565
racerf_uautomizer_sv-sanitizers_dartagnan_goblint,1603
racerf_uautomizer_sv-sanitizers_esbmc-kind_theta,1026
racerf_uautomizer_sv-sanitizers_esbmc-kind_ugemcutter,1031
racerf_uautomizer_sv-sanitizers_esbmc-kind_goblint,1076
racerf_uautomizer_sv-sanitizers_theta_ugemcutter,1497
racerf_uautomizer_sv-sanitizers_theta_goblint,1531
racerf_uautomizer_sv-sanitizers_ugemcutter_goblint,1547
racerf_uautomizer_cpachecker_deagle_dartagnan,1595
racerf_uautomizer_cpachecker_deagle_esbmc-kind,1053
racerf_uautomizer_cpachecker_deagle_theta,1499
racerf_uautomizer_cpachecker_deagle_ugemcutter,1524
racerf_uautomizer_cpachecker_deagle_goblint,1537
racerf_uautomizer_cpachecker_dartagnan_esbmc-kind,1091
racerf_uautomizer_cpachecker_dartagnan_theta,1565
racerf_uautomizer_cpachecker_dartagnan_ugemcutter,1565
racerf_uautomizer_cpachecker_dartagnan_goblint,1601
racerf_uautomizer_cpachecker_esbmc-kind_theta,1015
racerf_uautomizer_cpachecker_esbmc-kind_ugemcutter,1020
racerf_uautomizer_cpachecker_esbmc-kind_goblint,1063
racerf_uautomizer_cpachecker_theta_ugemcutter,1482
racerf_uautomizer_cpachecker_theta_goblint,1505
racerf_uautomizer_cpachecker_ugemcutter_goblint,1530
racerf_uautomizer_deagle_dartagnan_esbmc-kind,1119
racerf_uautomizer_deagle_dartagnan_theta,1595
racerf_uautomizer_deagle_dartagnan_ugemcutter,1595
racerf_uautomizer_deagle_dartagnan_goblint,1627
racerf_uautomizer_deagle_esbmc-kind_theta,1053
racerf_uautomizer_deagle_esbmc-kind_ugemcutter,1058
racerf_uautomizer_deagle_esbmc-kind_goblint,1091
racerf_uautomizer_deagle_theta_ugemcutter,1524
racerf_uautomizer_deagle_theta_goblint,1537
racerf_uautomizer_deagle_ugemcutter_goblint,1562
racerf_uautomizer_dartagnan_esbmc-kind_theta,1089
racerf_uautomizer_dartagnan_esbmc-kind_ugemcutter,1089
racerf_uautomizer_dartagnan_esbmc-kind_goblint,1127
racerf_uautomizer_dartagnan_theta_ugemcutter,1563
racerf_uautomizer_dartagnan_theta_goblint,1601
racerf_uautomizer_dartagnan_ugemcutter_goblint,1601
racerf_uautomizer_esbmc-kind_theta_ugemcutter,1018
racerf_uautomizer_esbmc-kind_theta_goblint,1063
racerf_uautomizer_esbmc-kind_ugemcutter_goblint,1068
racerf_uautomizer_theta_ugemcutter_goblint,1530
racerf_sv-sanitizers_cpachecker_deagle_dartagnan,1595
racerf_sv-sanitizers_cpachecker_deagle_esbmc-kind,1061
racerf_sv-sanitizers_cpachecker_deagle_theta,1517
racerf_sv-sanitizers_cpachecker_deagle_ugemcutter,1541
racerf_sv-sanitizers_cpachecker_deagle_goblint,1553
racerf_sv-sanitizers_cpachecker_dartagnan_esbmc-kind,1081
racerf_sv-sanitizers_cpachecker_dartagnan_theta,1555
racerf_sv-sanitizers_cpachecker_dartagnan_ugemcutter,1565
racerf_sv-sanitizers_cpachecker_dartagnan_goblint,1599
racerf_sv-sanitizers_cpachecker_esbmc-kind_theta,1014
racerf_sv-sanitizers_cpachecker_esbmc-kind_ugemcutter,1031
racerf_sv-sanitizers_cpachecker_esbmc-kind_goblint,1059
racerf_sv-sanitizers_cpachecker_theta_ugemcutter,1497
racerf_sv-sanitizers_cpachecker_theta_goblint,1519
racerf_sv-sanitizers_cpachecker_ugemcutter_goblint,1547
racerf_sv-sanitizers_deagle_dartagnan_esbmc-kind,1119
racerf_sv-sanitizers_deagle_dartagnan_theta,1595
racerf_sv-sanitizers_deagle_dartagnan_ugemcutter,1597
racerf_sv-sanitizers_deagle_dartagnan_goblint,1627
racerf_sv-sanitizers_deagle_esbmc-kind_theta,1062
racerf_sv-sanitizers_deagle_esbmc-kind_ugemcutter,1071
racerf_sv-sanitizers_deagle_esbmc-kind_goblint,1099
racerf_sv-sanitizers_deagle_theta_ugemcutter,1541
racerf_sv-sanitizers_deagle_theta_goblint,1555
racerf_sv-sanitizers_deagle_ugemcutter_goblint,1579
racerf_sv-sanitizers_dartagnan_esbmc-kind_theta,1079
racerf_sv-sanitizers_dartagnan_esbmc-kind_ugemcutter,1088
racerf_sv-sanitizers_dartagnan_esbmc-kind_goblint,1125
racerf_sv-sanitizers_dartagnan_theta_ugemcutter,1563
racerf_sv-sanitizers_dartagnan_theta_goblint,1599
racerf_sv-sanitizers_dartagnan_ugemcutter_goblint,1603
racerf_sv-sanitizers_esbmc-kind_theta_ugemcutter,1029
racerf_sv-sanitizers_esbmc-kind_theta_goblint,1070
racerf_sv-sanitizers_esbmc-kind_ugemcutter_goblint,1081
racerf_sv-sanitizers_theta_ugemcutter_goblint,1547
racerf_cpachecker_deagle_dartagnan_esbmc-kind,1118
racerf_cpachecker_deagle_dartagnan_theta,1593
racerf_cpachecker_deagle_dartagnan_ugemcutter,1595
racerf_cpachecker_deagle_dartagnan_goblint,1623
racerf_cpachecker_deagle_esbmc-kind_theta,1044
racerf_cpachecker_deagle_esbmc-kind_ugemcutter,1058
racerf_cpachecker_deagle_esbmc-kind_goblint,1081
racerf_cpachecker_deagle_theta_ugemcutter,1524
racerf_cpachecker_deagle_theta_goblint,1506
racerf_cpachecker_deagle_ugemcutter_goblint,1562
racerf_cpachecker_dartagnan_esbmc-kind_theta,1080
racerf_cpachecker_dartagnan_esbmc-kind_ugemcutter,1089
racerf_cpachecker_dartagnan_esbmc-kind_goblint,1124
racerf_cpachecker_dartagnan_theta_ugemcutter,1563
racerf_cpachecker_dartagnan_theta_goblint,1597
racerf_cpachecker_dartagnan_ugemcutter_goblint,1601
racerf_cpachecker_esbmc-kind_theta_ugemcutter,1018
racerf_cpachecker_esbmc-kind_theta_goblint,1052
racerf_cpachecker_esbmc-kind_ugemcutter_goblint,1068
racerf_cpachecker_theta_ugemcutter_goblint,1530
racerf_deagle_dartagnan_esbmc-kind_theta,1118
racerf_deagle_dartagnan_esbmc-kind_ugemcutter,1119
racerf_deagle_dartagnan_esbmc-kind_goblint,1150
racerf_deagle_dartagnan_theta_ugemcutter,1595
racerf_deagle_dartagnan_theta_goblint,1625
racerf_deagle_dartagnan_ugemcutter_goblint,1627
racerf_deagle_esbmc-kind_theta_ugemcutter,1058
racerf_deagle_esbmc-kind_theta_goblint,1082
racerf_deagle_esbmc-kind_ugemcutter_goblint,1096
racerf_deagle_theta_ugemcutter_goblint,1562
racerf_dartagnan_esbmc-kind_theta_ugemcutter,1087
racerf_dartagnan_esbmc-kind_theta_goblint,1124
racerf_dartagnan_esbmc-kind_ugemcutter_goblint,1127
racerf_dartagnan_theta_ugemcutter_goblint,1601
racerf_esbmc-kind_theta_ugemcutter_goblint,1068
nacpa_utaipan_uautomizer_sv-sanitizers_cpachecker,1392
nacpa_utaipan_uautomizer_sv-sanitizers_deagle,1504
nacpa_utaipan_uautomizer_sv-sanitizers_dartagnan,1501
nacpa_utaipan_uautomizer_sv-sanitizers_esbmc-kind,958
nacpa_utaipan_uautomizer_sv-sanitizers_theta,1394
nacpa_utaipan_uautomizer_sv-sanitizers_ugemcutter,1426
nacpa_utaipan_uautomizer_sv-sanitizers_goblint,1586
nacpa_utaipan_uautomizer_cpachecker_deagle,1474
nacpa_utaipan_uautomizer_cpachecker_dartagnan,1500
nacpa_utaipan_uautomizer_cpachecker_esbmc-kind,944
nacpa_utaipan_uautomizer_cpachecker_theta,1364
nacpa_utaipan_uautomizer_cpachecker_ugemcutter,1408
nacpa_utaipan_uautomizer_cpachecker_goblint,1556
nacpa_utaipan_uautomizer_deagle_dartagnan,1572
nacpa_utaipan_uautomizer_deagle_esbmc-kind,1030
nacpa_utaipan_uautomizer_deagle_theta,1476
nacpa_utaipan_uautomizer_deagle_ugemcutter,1496
nacpa_utaipan_uautomizer_deagle_goblint,1598
nacpa_utaipan_uautomizer_dartagnan_esbmc-kind,1034
nacpa_utaipan_uautomizer_dartagnan_theta,1502
nacpa_utaipan_uautomizer_dartagnan_ugemcutter,1510
nacpa_utaipan_uautomizer_dartagnan_goblint,1656
nacpa_utaipan_uautomizer_esbmc-kind_theta,946
nacpa_utaipan_uautomizer_esbmc-kind_ugemcutter,953
nacpa_utaipan_uautomizer_esbmc-kind_goblint,1118
nacpa_utaipan_uautomizer_theta_ugemcutter,1410
nacpa_utaipan_uautomizer_theta_goblint,1556
nacpa_utaipan_uautomizer_ugemcutter_goblint,1578
nacpa_utaipan_sv-sanitizers_cpachecker_deagle,1496
nacpa_utaipan_sv-sanitizers_cpachecker_dartagnan,1423
nacpa_utaipan_sv-sanitizers_cpachecker_esbmc-kind,857
nacpa_utaipan_sv-sanitizers_cpachecker_theta,1202
nacpa_utaipan_sv-sanitizers_cpachecker_ugemcutter,1330
nacpa_utaipan_sv-sanitizers_cpachecker_goblint,1580
nacpa_utaipan_sv-sanitizers_deagle_dartagnan,1569
nacpa_utaipan_sv-sanitizers_deagle_esbmc-kind,1039
nacpa_utaipan_sv-sanitizers_deagle_theta,1498
nacpa_utaipan_sv-sanitizers_deagle_ugemcutter,1510
nacpa_utaipan_sv-sanitizers_deagle_goblint,1624
nacpa_utaipan_sv-sanitizers_dartagnan_esbmc-kind,959
nacpa_utaipan_sv-sanitizers_dartagnan_theta,1435
nacpa_utaipan_sv-sanitizers_dartagnan_ugemcutter,1475
nacpa_utaipan_sv-sanitizers_dartagnan_goblint,1657
nacpa_utaipan_sv-sanitizers_esbmc-kind_theta,885
nacpa_utaipan_sv-sanitizers_esbmc-kind_ugemcutter,919
nacpa_utaipan_sv-sanitizers_esbmc-kind_goblint,1131
nacpa_utaipan_sv-sanitizers_theta_ugemcutter,1350
nacpa_utaipan_sv-sanitizers_theta_goblint,1580
nacpa_utaipan_sv-sanitizers_ugemcutter_goblint,1596
nacpa_utaipan_cpachecker_deagle_dartagnan,1568
nacpa_utaipan_cpachecker_deagle_esbmc-kind,1021
nacpa_utaipan_cpachecker_deagle_theta,1459
nacpa_utaipan_cpachecker_deagle_ugemcutter,1490
nacpa_utaipan_cpachecker_deagle_goblint,1585
nacpa_utaipan_cpachecker_dartagnan_esbmc-kind,958
nacpa_utaipan_cpachecker_dartagnan_theta,1434
nacpa_utaipan_cpachecker_dartagnan_ugemcutter,1474
nacpa_utaipan_cpachecker_dartagnan_goblint,1656
nacpa_utaipan_cpachecker_esbmc-kind_theta,867
nacpa_utaipan_cpachecker_esbmc-kind_ugemcutter,903
nacpa_utaipan_cpachecker_esbmc-kind_goblint,1113
nacpa_utaipan_cpachecker_theta_ugemcutter,1330
nacpa_utaipan_cpachecker_theta_goblint,1541
nacpa_utaipan_cpachecker_ugemcutter_goblint,1576
nacpa_utaipan_deagle_dartagnan_esbmc-kind,1090
nacpa_utaipan_deagle_dartagnan_theta,1570
nacpa_utaipan_deagle_dartagnan_ugemcutter,1568
nacpa_utaipan_deagle_dartagnan_goblint,1690
nacpa_utaipan_deagle_esbmc-kind_theta,1023
nacpa_utaipan_deagle_esbmc-kind_ugemcutter,1027
nacpa_utaipan_deagle_esbmc-kind_goblint,1149
nacpa_utaipan_deagle_theta_ugemcutter,1492
nacpa_utaipan_deagle_theta_goblint,1585
nacpa_utaipan_deagle_ugemcutter_goblint,1618
nacpa_utaipan_dartagnan_esbmc-kind_theta,970
nacpa_utaipan_dartagnan_esbmc-kind_ugemcutter,1000
nacpa_utaipan_dartagnan_esbmc-kind_goblint,1180
nacpa_utaipan_dartagnan_theta_ugemcutter,1482
nacpa_utaipan_dartagnan_theta_goblint,1656
nacpa_utaipan_dartagnan_ugemcutter_goblint,1656
nacpa_utaipan_esbmc-kind_theta_ugemcutter,919
nacpa_utaipan_esbmc-kind_theta_goblint,1113
nacpa_utaipan_esbmc-kind_ugemcutter_goblint,1119
nacpa_utaipan_theta_ugemcutter_goblint,1576
nacpa_uautomizer_sv-sanitizers_cpachecker_deagle,1504
nacpa_uautomizer_sv-sanitizers_cpachecker_dartagnan,1493
nacpa_uautomizer_sv-sanitizers_cpachecker_esbmc-kind,956
nacpa_uautomizer_sv-sanitizers_cpachecker_theta,1378
nacpa_uautomizer_sv-sanitizers_cpachecker_ugemcutter,1426
nacpa_uautomizer_sv-sanitizers_cpachecker_goblint,1586
nacpa_uautomizer_sv-sanitizers_deagle_dartagnan,1573
nacpa_uautomizer_sv-sanitizers_deagle_esbmc-kind,1044
nacpa_uautomizer_sv-sanitizers_deagle_theta,1506
nacpa_uautomizer_sv-sanitizers_deagle_ugemcutter,1514
nacpa_uautomizer_sv-sanitizers_deagle_goblint,1628
nacpa_uautomizer_sv-sanitizers_dartagnan_esbmc-kind,1033
nacpa_uautomizer_sv-sanitizers_dartagnan_theta,1495
nacpa_uautomizer_sv-sanitizers_dartagnan_ugemcutter,1511
nacpa_uautomizer_sv-sanitizers_dartagnan_goblint,1657
nacpa_uautomizer_sv-sanitizers_esbmc-kind_theta,958
nacpa_uautomizer_sv-sanitizers_esbmc-kind_ugemcutter,967
nacpa_uautomizer_sv-sanitizers_esbmc-kind_goblint,1132
nacpa_uautomizer_sv-sanitizers_theta_ugemcutter,1428
nacpa_uautomizer_sv-sanitizers_theta_goblint,1586
nacpa_uautomizer_sv-sanitizers_ugemcutter_goblint,1596
nacpa_uautomizer_cpachecker_deagle_dartagnan,1571
nacpa_uautomizer_cpachecker_deagle_esbmc-kind,1029
nacpa_uautomizer_cpachecker_deagle_theta,1474
nacpa_uautomizer_cpachecker_deagle_ugemcutter,1495
nacpa_uautomizer_cpachecker_deagle_goblint,1596
nacpa_uautomizer_cpachecker_dartagnan_esbmc-kind,1031
nacpa_uautomizer_cpachecker_dartagnan_theta,1493
nacpa_uautomizer_cpachecker_dartagnan_ugemcutter,1509
nacpa_uautomizer_cpachecker_dartagnan_goblint,1655
nacpa_uautomizer_cpachecker_esbmc-kind_theta,943
nacpa_uautomizer_cpachecker_esbmc-kind_ugemcutter,952
nacpa_uautomizer_cpachecker_esbmc-kind_goblint,1117
nacpa_uautomizer_cpachecker_theta_ugemcutter,1409
nacpa_uautomizer_cpachecker_theta_goblint,1554
nacpa_uautomizer_cpachecker_ugemcutter_goblint,1577
nacpa_uautomizer_deagle_dartagnan_esbmc-kind,1093
nacpa_uautomizer_deagle_dartagnan_theta,1573
nacpa_uautomizer_deagle_dartagnan_ugemcutter,1571
nacpa_uautomizer_deagle_dartagnan_goblint,1689
nacpa_uautomizer_deagle_esbmc-kind_theta,1031
nacpa_uautomizer_deagle_esbmc-kind_ugemcutter,1032
nacpa_uautomizer_deagle_esbmc-kind_goblint,1153
nacpa_uautomizer_deagle_theta_ugemcutter,1497
nacpa_uautomizer_deagle_theta_goblint,1596
nacpa_uautomizer_deagle_ugemcutter_goblint,1619
nacpa_uautomizer_dartagnan_esbmc-kind_theta,1033
nacpa_uautomizer_dartagnan_esbmc-kind_ugemcutter,1035
nacpa_uautomizer_dartagnan_esbmc-kind_goblint,1179
nacpa_uautomizer_dartagnan_theta_ugemcutter,1511
nacpa_uautomizer_dartagnan_theta_goblint,1655
nacpa_uautomizer_dartagnan_ugemcutter_goblint,1655
nacpa_uautomizer_esbmc-kind_theta_ugemcutter,954
nacpa_uautomizer_esbmc-kind_theta_goblint,1117
nacpa_uautomizer_esbmc-kind_ugemcutter_goblint,1120
nacpa_uautomizer_theta_ugemcutter_goblint,1577
nacpa_sv-sanitizers_cpachecker_deagle_dartagnan,1551
nacpa_sv-sanitizers_cpachecker_deagle_esbmc-kind,1020
nacpa_sv-sanitizers_cpachecker_deagle_theta,1477
nacpa_sv-sanitizers_cpachecker_deagle_ugemcutter,1510
nacpa_sv-sanitizers_cpachecker_deagle_goblint,1619
nacpa_sv-sanitizers_cpachecker_dartagnan_esbmc-kind,774
nacpa_sv-sanitizers_cpachecker_dartagnan_theta,1279
nacpa_sv-sanitizers_cpachecker_dartagnan_ugemcutter,1473
nacpa_sv-sanitizers_cpachecker_dartagnan_goblint,1653
nacpa_sv-sanitizers_cpachecker_esbmc-kind_theta,734
nacpa_sv-sanitizers_cpachecker_esbmc-kind_ugemcutter,917
nacpa_sv-sanitizers_cpachecker_esbmc-kind_goblint,1116
nacpa_sv-sanitizers_cpachecker_theta_ugemcutter,1348
nacpa_sv-sanitizers_cpachecker_theta_goblint,1573
nacpa_sv-sanitizers_cpachecker_ugemcutter_goblint,1596
nacpa_sv-sanitizers_deagle_dartagnan_esbmc-kind,1074
nacpa_sv-sanitizers_deagle_dartagnan_theta,1553
nacpa_sv-sanitizers_deagle_dartagnan_ugemcutter,1569
nacpa_sv-sanitizers_deagle_dartagnan_goblint,1689
nacpa_sv-sanitizers_deagle_esbmc-kind_theta,1022
nacpa_sv-sanitizers_deagle_esbmc-kind_ugemcutter,1043
nacpa_sv-sanitizers_deagle_esbmc-kind_goblint,1164
nacpa_sv-sanitizers_deagle_theta_ugemcutter,1512
nacpa_sv-sanitizers_deagle_theta_goblint,1619
nacpa_sv-sanitizers_deagle_ugemcutter_goblint,1638
nacpa_sv-sanitizers_dartagnan_esbmc-kind_theta,842
nacpa_sv-sanitizers_dartagnan_esbmc-kind_ugemcutter,999
nacpa_sv-sanitizers_dartagnan_esbmc-kind_goblint,1178
nacpa_sv-sanitizers_dartagnan_theta_ugemcutter,1481
nacpa_sv-sanitizers_dartagnan_theta_goblint,1653
nacpa_sv-sanitizers_dartagnan_ugemcutter_goblint,1657
nacpa_sv-sanitizers_esbmc-kind_theta_ugemcutter,933
nacpa_sv-sanitizers_esbmc-kind_theta_goblint,1126
nacpa_sv-sanitizers_esbmc-kind_ugemcutter_goblint,1135
nacpa_sv-sanitizers_theta_ugemcutter_goblint,1596
nacpa_cpachecker_deagle_dartagnan_esbmc-kind,1072
nacpa_cpachecker_deagle_dartagnan_theta,1551
nacpa_cpachecker_deagle_dartagnan_ugemcutter,1567
nacpa_cpachecker_deagle_dartagnan_goblint,1687
nacpa_cpachecker_deagle_esbmc-kind_theta,1000
nacpa_cpachecker_deagle_esbmc-kind_ugemcutter,1026
nacpa_cpachecker_deagle_esbmc-kind_goblint,1142
nacpa_cpachecker_deagle_theta_ugemcutter,1491
nacpa_cpachecker_deagle_theta_goblint,1542
nacpa_cpachecker_deagle_ugemcutter_goblint,1617
nacpa_cpachecker_dartagnan_esbmc-kind_theta,840
nacpa_cpachecker_dartagnan_esbmc-kind_ugemcutter,997
nacpa_cpachecker_dartagnan_esbmc-kind_goblint,1176
nacpa_cpachecker_dartagnan_theta_ugemcutter,1479
nacpa_cpachecker_dartagnan_theta_goblint,1651
nacpa_cpachecker_dartagnan_ugemcutter_goblint,1655
nacpa_cpachecker_esbmc-kind_theta_ugemcutter,916
nacpa_cpachecker_esbmc-kind_theta_goblint,1104
nacpa_cpachecker_esbmc-kind_ugemcutter_goblint,1118
nacpa_cpachecker_theta_ugemcutter_goblint,1575
nacpa_deagle_dartagnan_esbmc-kind_theta,1074
nacpa_deagle_dartagnan_esbmc-kind_ugemcutter,1089
nacpa_deagle_dartagnan_esbmc-kind_goblint,1210
nacpa_deagle_dartagnan_theta_ugemcutter,1569
nacpa_deagle_dartagnan_theta_goblint,1687
nacpa_deagle_dartagnan_ugemcutter_goblint,1689
nacpa_deagle_esbmc-kind_theta_ugemcutter,1028
nacpa_deagle_esbmc-kind_theta_goblint,1142
nacpa_deagle_esbmc-kind_ugemcutter_goblint,1154
nacpa_deagle_theta_ugemcutter_goblint,1617
nacpa_dartagnan_esbmc-kind_theta_ugemcutter,1005
nacpa_dartagnan_esbmc-kind_theta_goblint,1176
nacpa_dartagnan_esbmc-kind_ugemcutter_goblint,1179
nacpa_dartagnan_theta_ugemcutter_goblint,1655
nacpa_esbmc-kind_theta_ugemcutter_goblint,1118
utaipan_uautomizer_sv-sanitizers_cpachecker_deagle,1490
utaipan_uautomizer_sv-sanitizers_cpachecker_dartagnan,1500
utaipan_uautomizer_sv-sanitizers_cpachecker_esbmc-kind,953
utaipan_uautomizer_sv-sanitizers_cpachecker_theta,1382
utaipan_uautomizer_sv-sanitizers_cpachecker_ugemcutter,1424
utaipan_uautomizer_sv-sanitizers_cpachecker_goblint,1572
utaipan_uautomizer_sv-sanitizers_deagle_dartagnan,1572
utaipan_uautomizer_sv-sanitizers_deagle_esbmc-kind,1039
utaipan_uautomizer_sv-sanitizers_deagle_theta,1494
utaipan_uautomizer_sv-sanitizers_deagle_ugemcutter,1512
utaipan_uautomizer_sv-sanitizers_deagle_goblint,1614
utaipan_uautomizer_sv-sanitizers_dartagnan_esbmc-kind,1019
utaipan_uautomizer_sv-sanitizers_dartagnan_theta,1486
utaipan_uautomizer_sv-sanitizers_dartagnan_ugemcutter,1494
utaipan_uautomizer_sv-sanitizers_dartagnan_goblint,1656
utaipan_uautomizer_sv-sanitizers_esbmc-kind_theta,939
utaipan_uautomizer_sv-sanitizers_esbmc-kind_ugemcutter,950
utaipan_uautomizer_sv-sanitizers_esbmc-kind_goblint,1127
utaipan_uautomizer_sv-sanitizers_theta_ugemcutter,1410
utaipan_uautomizer_sv-sanitizers_theta_goblint,1574
utaipan_uautomizer_sv-sanitizers_ugemcutter_goblint,1594
utaipan_uautomizer_cpachecker_deagle_dartagnan,1570
utaipan_uautomizer_cpachecker_deagle_esbmc-kind,1025
utaipan_uautomizer_cpachecker_deagle_theta,1462
utaipan_uautomizer_cpachecker_deagle_ugemcutter,1492
utaipan_uautomizer_cpachecker_deagle_goblint,1582
utaipan_uautomizer_cpachecker_dartagnan_esbmc-kind,1034
utaipan_uautomizer_cpachecker_dartagnan_theta,1500
utaipan_uautomizer_cpachecker_dartagnan_ugemcutter,1508
utaipan_uautomizer_cpachecker_dartagnan_goblint,1654
utaipan_uautomizer_cpachecker_esbmc-kind_theta,941
utaipan_uautomizer_cpachecker_esbmc-kind_ugemcutter,952
utaipan_uautomizer_cpachecker_esbmc-kind_goblint,1113
utaipan_uautomizer_cpachecker_theta_ugemcutter,1406
utaipan_uautomizer_cpachecker_theta_goblint,1542
utaipan_uautomizer_cpachecker_ugemcutter_goblint,1574
utaipan_uautomizer_deagle_dartagnan_esbmc-kind,1094
utaipan_uautomizer_deagle_dartagnan_theta,1572
utaipan_uautomizer_deagle_dartagnan_ugemcutter,1570
utaipan_uautomizer_deagle_dartagnan_goblint,1688
utaipan_uautomizer_deagle_esbmc-kind_theta,1027
utaipan_uautomizer_deagle_esbmc-kind_ugemcutter,1032
utaipan_uautomizer_deagle_esbmc-kind_goblint,1149
utaipan_uautomizer_deagle_theta_ugemcutter,1494
utaipan_uautomizer_deagle_theta_goblint,1584
utaipan_uautomizer_deagle_ugemcutter_goblint,1616
utaipan_uautomizer_dartagnan_esbmc-kind_theta,1020
utaipan_uautomizer_dartagnan_esbmc-kind_ugemcutter,1020
utaipan_uautomizer_dartagnan_esbmc-kind_goblint,1180
utaipan_uautomizer_dartagnan_theta_ugemcutter,1494
utaipan_uautomizer_dartagnan_theta_goblint,1654
utaipan_uautomizer_dartagnan_ugemcutter_goblint,1654
utaipan_uautomizer_esbmc-kind_theta_ugemcutter,938
utaipan_uautomizer_esbmc-kind_theta_goblint,1113
utaipan_uautomizer_esbmc-kind_ugemcutter_goblint,1120
utaipan_uautomizer_theta_ugemcutter_goblint,1574
utaipan_sv-sanitizers_cpachecker_deagle_dartagnan,1568
utaipan_sv-sanitizers_cpachecker_deagle_esbmc-kind,1034
utaipan_sv-sanitizers_cpachecker_deagle_theta,1483
utaipan_sv-sanitizers_cpachecker_deagle_ugemcutter,1508
utaipan_sv-sanitizers_cpachecker_deagle_goblint,1607
utaipan_sv-sanitizers_cpachecker_dartagnan_esbmc-kind,959
utaipan_sv-sanitizers_cpachecker_dartagnan_theta,1434
utaipan_sv-sanitizers_cpachecker_dartagnan_ugemcutter,1474
utaipan_sv-sanitizers_cpachecker_dartagnan_goblint,1656
utaipan_sv-sanitizers_cpachecker_esbmc-kind_theta,880
utaipan_sv-sanitizers_cpachecker_esbmc-kind_ugemcutter,918
utaipan_sv-sanitizers_cpachecker_esbmc-kind_goblint,1126
utaipan_sv-sanitizers_cpachecker_theta_ugemcutter,1348
utaipan_sv-sanitizers_cpachecker_theta_goblint,1565
utaipan_sv-sanitizers_cpachecker_ugemcutter_goblint,1594
utaipan_sv-sanitizers_deagle_dartagnan_esbmc-kind,1091
utaipan_sv-sanitizers_deagle_dartagnan_theta,1570
utaipan_sv-sanitizers_deagle_dartagnan_ugemcutter,1568
utaipan_sv-sanitizers_deagle_dartagnan_goblint,1690
utaipan_sv-sanitizers_deagle_esbmc-kind_theta,1036
utaipan_sv-sanitizers_deagle_esbmc-kind_ugemcutter,1042
utaipan_sv-sanitizers_deagle_esbmc-kind_goblint,1162
utaipan_sv-sanitizers_deagle_theta_ugemcutter,1510
utaipan_sv-sanitizers_deagle_theta_goblint,1609
utaipan_sv-sanitizers_deagle_ugemcutter_goblint,1636
utaipan_sv-sanitizers_dartagnan_esbmc-kind_theta,955
utaipan_sv-sanitizers_dartagnan_esbmc-kind_ugemcutter,985
utaipan_sv-sanitizers_dartagnan_esbmc-kind_goblint,1181
utaipan_sv-sanitizers_dartagnan_theta_ugemcutter,1466
utaipan_sv-sanitizers_dartagnan_theta_goblint,1656
utaipan_sv-sanitizers_dartagnan_ugemcutter_goblint,1656
utaipan_sv-sanitizers_esbmc-kind_theta_ugemcutter,918
utaipan_sv-sanitizers_esbmc-kind_theta_goblint,1126
utaipan_sv-sanitizers_esbmc-kind_ugemcutter_goblint,1134
utaipan_sv-sanitizers_theta_ugemcutter_goblint,1594
utaipan_cpachecker_deagle_dartagnan_esbmc-kind,1090
utaipan_cpachecker_deagle_dartagnan_theta,1568
utaipan_cpachecker_deagle_dartagnan_ugemcutter,1566
utaipan_cpachecker_deagle_dartagnan_goblint,1688
utaipan_cpachecker_deagle_esbmc-kind_theta,1018
utaipan_cpachecker_deagle_esbmc-kind_ugemcutter,1026
utaipan_cpachecker_deagle_esbmc-kind_goblint,1144
utaipan_cpachecker_deagle_theta_ugemcutter,1488
utaipan_cpachecker_deagle_theta_goblint,1567
utaipan_cpachecker_deagle_ugemcutter_goblint,1614
utaipan_cpachecker_dartagnan_esbmc-kind_theta,970
utaipan_cpachecker_dartagnan_esbmc-kind_ugemcutter,1000
utaipan_cpachecker_dartagnan_esbmc-kind_goblint,1180
utaipan_cpachecker_dartagnan_theta_ugemcutter,1480
utaipan_cpachecker_dartagnan_theta_goblint,1654
utaipan_cpachecker_dartagnan_ugemcutter_goblint,1654
utaipan_cpachecker_esbmc-kind_theta_ugemcutter,918
utaipan_cpachecker_esbmc-kind_theta_goblint,1108
utaipan_cpachecker_esbmc-kind_ugemcutter_goblint,1118
utaipan_cpachecker_theta_ugemcutter_goblint,1572
utaipan_deagle_dartagnan_esbmc-kind_theta,1092
utaipan_deagle_dartagnan_esbmc-kind_ugemcutter,1090
utaipan_deagle_dartagnan_esbmc-kind_goblint,1212
utaipan_deagle_dartagnan_theta_ugemcutter,1568
utaipan_deagle_dartagnan_theta_goblint,1688
utaipan_deagle_dartagnan_ugemcutter_goblint,1688
utaipan_deagle_esbmc-kind_theta_ugemcutter,1028
utaipan_deagle_esbmc-kind_theta_goblint,1144
utaipan_deagle_esbmc-kind_ugemcutter_goblint,1154
utaipan_deagle_theta_ugemcutter_goblint,1614
utaipan_dartagnan_esbmc-kind_theta_ugemcutter,992
utaipan_dartagnan_esbmc-kind_theta_goblint,1180
utaipan_dartagnan_esbmc-kind_ugemcutter_goblint,1180
utaipan_dartagnan_theta_ugemcutter_goblint,1654
utaipan_esbmc-kind_theta_ugemcutter_goblint,1118
uautomizer_sv-sanitizers_cpachecker_deagle_dartagnan,1572
uautomizer_sv-sanitizers_cpachecker_deagle_esbmc-kind,1039
uautomizer_sv-sanitizers_cpachecker_deagle_theta,1494
uautomizer_sv-sanitizers_cpachecker_deagle_ugemcutter,1511
uautomizer_sv-sanitizers_cpachecker_deagle_goblint,1613
uautomizer_sv-sanitizers_cpachecker_dartagnan_esbmc-kind,1033
uautomizer_sv-sanitizers_cpachecker_dartagnan_theta,1494
uautomizer_sv-sanitizers_cpachecker_dartagnan_ugemcutter,1510
uautomizer_sv-sanitizers_cpachecker_dartagnan_goblint,1656
uautomizer_sv-sanitizers_cpachecker_esbmc-kind_theta,953
uautomizer_sv-sanitizers_cpachecker_esbmc-kind_ugemcutter,966
uautomizer_sv-sanitizers_cpachecker_esbmc-kind_goblint,1127
uautomizer_sv-sanitizers_cpachecker_theta_ugemcutter,1426
uautomizer_sv-sanitizers_cpachecker_theta_goblint,1574
uautomizer_sv-sanitizers_cpachecker_ugemcutter_goblint,1593
uautomizer_sv-sanitizers_deagle_dartagnan_esbmc-kind,1095
uautomizer_sv-sanitizers_deagle_dartagnan_theta,1574
uautomizer_sv-sanitizers_deagle_dartagnan_ugemcutter,1572
uautomizer_sv-sanitizers_deagle_dartagnan_goblint,1690
uautomizer_sv-sanitizers_deagle_esbmc-kind_theta,1041
uautomizer_sv-sanitizers_deagle_esbmc-kind_ugemcutter,1046
uautomizer_sv-sanitizers_deagle_esbmc-kind_goblint,1163
uautomizer_sv-sanitizers_deagle_theta_ugemcutter,1514
uautomizer_sv-sanitizers_deagle_theta_goblint,1616
uautomizer_sv-sanitizers_deagle_ugemcutter_goblint,1635
uautomizer_sv-sanitizers_dartagnan_esbmc-kind_theta,1019
uautomizer_sv-sanitizers_dartagnan_esbmc-kind_ugemcutter,1021
uautomizer_sv-sanitizers_dartagnan_esbmc-kind_goblint,1181
uautomizer_sv-sanitizers_dartagnan_theta_ugemcutter,1496
uautomizer_sv-sanitizers_dartagnan_theta_goblint,1656
uautomizer_sv-sanitizers_dartagnan_ugemcutter_goblint,1656
uautomizer_sv-sanitizers_esbmc-kind_theta_ugemcutter,952
uautomizer_sv-sanitizers_esbmc-kind_theta_goblint,1127
uautomizer_sv-sanitizers_esbmc-kind_ugemcutter_goblint,1134
uautomizer_sv-sanitizers_theta_ugemcutter_goblint,1594
uautomizer_cpachecker_deagle_dartagnan_esbmc-kind,1093
uautomizer_cpachecker_deagle_dartagnan_theta,1571
uautomizer_cpachecker_deagle_dartagnan_ugemcutter,1569
uautomizer_cpachecker_deagle_dartagnan_goblint,1687
uautomizer_cpachecker_deagle_esbmc-kind_theta,1026
uautomizer_cpachecker_deagle_esbmc-kind_ugemcutter,1031
uautomizer_cpachecker_deagle_esbmc-kind_goblint,1148
uautomizer_cpachecker_deagle_theta_ugemcutter,1493
uautomizer_cpachecker_deagle_theta_goblint,1582
uautomizer_cpachecker_deagle_ugemcutter_goblint,1614
uautomizer_cpachecker_dartagnan_esbmc-kind_theta,1033
uautomizer_cpachecker_dartagnan_esbmc-kind_ugemcutter,1035
uautomizer_cpachecker_dartagnan_esbmc-kind_goblint,1179
uautomizer_cpachecker_dartagnan_theta_ugemcutter,1509
uautomizer_cpachecker_dartagnan_theta_goblint,1653
uautomizer_cpachecker_dartagnan_ugemcutter_goblint,1653
uautomizer_cpachecker_esbmc-kind_theta_ugemcutter,953
uautomizer_cpachecker_esbmc-kind_theta_goblint,1112
uautomizer_cpachecker_esbmc-kind_ugemcutter_goblint,1119
uautomizer_cpachecker_theta_ugemcutter_goblint,1573
uautomizer_deagle_dartagnan_esbmc-kind_theta,1095
uautomizer_deagle_dartagnan_esbmc-kind_ugemcutter,1093
uautomizer_deagle_dartagnan_esbmc-kind_goblint,1211
uautomizer_deagle_dartagnan_theta_ugemcutter,1571
uautomizer_deagle_dartagnan_theta_goblint,1687
uautomizer_deagle_dartagnan_ugemcutter_goblint,1687
uautomizer_deagle_esbmc-kind_theta_ugemcutter,1033
uautomizer_deagle_esbmc-kind_theta_goblint,1148
uautomizer_deagle_esbmc-kind_ugemcutter_goblint,1155
uautomizer_deagle_theta_ugemcutter_goblint,1615
uautomizer_dartagnan_esbmc-kind_theta_ugemcutter,1021
uautomizer_dartagnan_esbmc-kind_theta_goblint,1179
uautomizer_dartagnan_esbmc-kind_ugemcutter_goblint,1179
uautomizer_dartagnan_theta_ugemcutter_goblint,1653
uautomizer_esbmc-kind_theta_ugemcutter_goblint,1119
sv-sanitizers_cpachecker_deagle_dartagnan_esbmc-kind,1074
sv-sanitizers_cpachecker_deagle_dartagnan_theta,1552
sv-sanitizers_cpachecker_deagle_dartagnan_ugemcutter,1568
sv-sanitizers_cpachecker_deagle_dartagnan_goblint,1688
sv-sanitizers_cpachecker_deagle_esbmc-kind_theta,1016
sv-sanitizers_cpachecker_deagle_esbmc-kind_ugemcutter,1042
sv-sanitizers_cpachecker_deagle_esbmc-kind_goblint,1156
sv-sanitizers_cpachecker_deagle_theta_ugemcutter,1510
sv-sanitizers_cpachecker_deagle_theta_goblint,1603
sv-sanitizers_cpachecker_deagle_ugemcutter_goblint,1635
sv-sanitizers_cpachecker_dartagnan_esbmc-kind_theta,842
sv-sanitizers_cpachecker_dartagnan_esbmc-kind_ugemcutter,999
sv-sanitizers_cpachecker_dartagnan_esbmc-kind_goblint,1178
sv-sanitizers_cpachecker_dartagnan_theta_ugemcutter,1480
sv-sanitizers_cpachecker_dartagnan_theta_goblint,1652
sv-sanitizers_cpachecker_dartagnan_ugemcutter_goblint,1656
sv-sanitizers_cpachecker_esbmc-kind_theta_ugemcutter,932
sv-sanitizers_cpachecker_esbmc-kind_theta_goblint,1120
sv-sanitizers_cpachecker_esbmc-kind_ugemcutter_goblint,1134
sv-sanitizers_cpachecker_theta_ugemcutter_goblint,1594
sv-sanitizers_deagle_dartagnan_esbmc-kind_theta,1076
sv-sanitizers_deagle_dartagnan_esbmc-kind_ugemcutter,1091
sv-sanitizers_deagle_dartagnan_esbmc-kind_goblint,1212
sv-sanitizers_deagle_dartagnan_theta_ugemcutter,1570
sv-sanitizers_deagle_dartagnan_theta_goblint,1688
sv-sanitizers_deagle_dartagnan_ugemcutter_goblint,1690
sv-sanitizers_deagle_esbmc-kind_theta_ugemcutter,1044
sv-sanitizers_deagle_esbmc-kind_theta_goblint,1158
sv-sanitizers_deagle_esbmc-kind_ugemcutter_goblint,1170
sv-sanitizers_deagle_theta_ugemcutter_goblint,1636
sv-sanitizers_dartagnan_esbmc-kind_theta_ugemcutter,991
sv-sanitizers_dartagnan_esbmc-kind_theta_goblint,1178
sv-sanitizers_dartagnan_esbmc-kind_ugemcutter_goblint,1181
sv-sanitizers_dartagnan_theta_ugemcutter_goblint,1656
sv-sanitizers_esbmc-kind_theta_ugemcutter_goblint,1134
cpachecker_deagle_dartagnan_esbmc-kind_theta,1074
cpachecker_deagle_dartagnan_esbmc-kind_ugemcutter,1089
cpachecker_deagle_dartagnan_esbmc-kind_goblint,1210
cpachecker_deagle_dartagnan_theta_ugemcutter,1567
cpachecker_deagle_dartagnan_theta_goblint,1685
cpachecker_deagle_dartagnan_ugemcutter_goblint,1687
cpachecker_deagle_esbmc-kind_theta_ugemcutter,1027
cpachecker_deagle_esbmc-kind_theta_goblint,1136
cpachecker_deagle_esbmc-kind_ugemcutter_goblint,1153
cpachecker_deagle_theta_ugemcutter_goblint,1613
cpachecker_dartagnan_esbmc-kind_theta_ugemcutter,1005
cpachecker_dartagnan_esbmc-kind_theta_goblint,1176
cpachecker_dartagnan_esbmc-kind_ugemcutter_goblint,1179
cpachecker_dartagnan_theta_ugemcutter_goblint,1653
cpachecker_esbmc-kind_theta_ugemcutter_goblint,1117
deagle_dartagnan_esbmc-kind_theta_ugemcutter,1091
deagle_dartagnan_esbmc-kind_theta_goblint,1210
deagle_dartagnan_esbmc-kind_ugemcutter_goblint,1211
deagle_dartagnan_theta_ugemcutter_goblint,1687
deagle_esbmc-kind_theta_ugemcutter_goblint,1153
dartagnan_esbmc-kind_theta_ugemcutter_goblint,1179
